,0
0,6.0
1,10.0
2,6.0
3,10.0
4,5.0
5,6.0
6,2.0
7,2.0
8,2.0
9,5.0
10,3.0
11,6.0
12,6.0
13,7.0
14,5.0
15,5.0
16,5.0
17,19.0
18,4.0
19,6.0
20,3.0
21,6.0
22,7.0
23,7.0
24,21.0
25,3.0
26,1.0
27,2.0
28,11.0
29,14.0
30,5.0
31,1.0
32,16.0
33,6.0
34,10.0
35,6.0
36,24.0
37,24.0
38,19.0
39,17.0
40,18.0
41,20.0
42,20.0
43,20.0
44,20.0
45,18.0
46,20.0
47,20.0
48,20.0
49,19.0
50,24.0
51,20.0
52,19.0
53,19.0
54,19.0
55,16.0
56,21.0
57,20.0
58,20.0
59,20.0
60,20.0
61,19.0
62,19.0
63,20.0
64,18.0
65,18.0
66,24.0
67,16.0
68,17.0
69,17.0
70,20.0
71,19.0
72,19.0
73,23.0
74,20.0
75,17.0
76,17.0
77,24.0
78,18.0
79,18.0
80,18.0
81,18.0
82,16.0
83,20.0
84,24.0
85,19.0
86,20.0
87,20.0
88,19.0
89,18.0
90,18.0
91,19.0
92,19.0
93,18.0
94,19.0
95,16.0
96,20.0
97,19.0
98,19.0
99,17.0
100,17.0
101,20.0
102,20.0
103,18.0
104,18.0
105,17.0
106,19.0
107,19.0
108,19.0
109,20.0
110,17.0
111,19.0
112,18.0
113,23.0
114,20.0
115,24.0
116,20.0
117,19.0
118,23.0
119,23.0
120,19.0
121,19.0
122,19.0
123,20.0
124,17.0
125,18.0
126,20.0
127,20.0
128,17.0
129,16.0
130,16.0
131,17.0
132,4.0
133,3.0
134,4.0
135,2.0
136,4.0
137,7.0
138,18.0
139,16.0
140,17.0
141,17.0
142,16.0
143,18.0
144,21.0
145,18.0
146,17.0
147,18.0
148,16.0
149,17.0
150,19.0
151,19.0
152,23.0
153,16.0
154,20.0
155,18.0
156,19.0
157,23.0
158,23.0
159,16.0
160,20.0
161,19.0
162,3.0
163,18.0
164,19.0
165,20.0
166,5.0
167,12.0
168,6.0
169,6.0
170,6.0
171,1.0
172,2.0
173,7.0
174,2.0
175,1.0
176,5.0
177,2.0
178,7.0
179,3.0
180,3.0
181,2.0
182,3.0
183,3.0
184,8.0
185,5.0
186,4.0
187,4.0
188,6.0
189,5.0
190,5.0
191,10.0
192,10.0
193,20.0
194,8.0
195,16.0
196,10.0
197,23.0
198,17.0
199,24.0
200,19.0
201,19.0
202,19.0
203,19.0
204,19.0
205,17.0
206,19.0
207,23.0
208,23.0
209,22.0
210,19.0
211,19.0
212,20.0
213,19.0
214,19.0
215,20.0
216,19.0
217,24.0
218,19.0
219,17.0
220,17.0
221,23.0
222,19.0
223,18.0
224,22.0
225,23.0
226,19.0
227,19.0
228,17.0
229,17.0
230,19.0
231,16.0
232,19.0
233,17.0
234,18.0
235,20.0
236,19.0
237,18.0
238,17.0
239,19.0
240,19.0
241,19.0
242,19.0
243,19.0
244,18.0
245,17.0
246,23.0
247,19.0
248,19.0
249,19.0
250,17.0
251,17.0
252,17.0
253,17.0
254,17.0
255,16.0
256,22.0
257,19.0
258,17.0
259,19.0
260,17.0
261,17.0
262,19.0
263,19.0
264,19.0
265,24.0
266,17.0
267,19.0
268,17.0
269,20.0
270,21.0
271,19.0
272,17.0
273,19.0
274,19.0
275,20.0
276,17.0
277,19.0
278,17.0
279,17.0
280,20.0
281,20.0
282,23.0
283,19.0
284,19.0
285,19.0
286,19.0
287,19.0
288,18.0
289,22.0
290,19.0
291,24.0
292,20.0
293,19.0
294,18.0
295,19.0
296,17.0
297,20.0
298,20.0
299,17.0
300,19.0
301,17.0
302,17.0
303,23.0
304,23.0
305,19.0
306,19.0
307,18.0
308,17.0
309,17.0
310,19.0
311,17.0
312,19.0
313,19.0
314,18.0
315,17.0
316,17.0
317,20.0
318,19.0
319,17.0
320,24.0
321,17.0
322,23.0
323,19.0
324,17.0
325,19.0
326,19.0
327,19.0
328,17.0
329,24.0
330,19.0
331,19.0
332,23.0
333,19.0
334,19.0
335,17.0
336,18.0
337,19.0
338,19.0
339,17.0
340,19.0
341,19.0
342,23.0
343,19.0
344,18.0
345,17.0
346,18.0
347,4.0
348,19.0
349,18.0
350,18.0
351,17.0
352,5.0
353,6.0
354,18.0
355,4.0
356,7.0
357,11.0
358,7.0
359,7.0
360,6.0
361,16.0
362,23.0
363,12.0
364,17.0
365,24.0
366,23.0
367,8.0
368,3.0
369,5.0
370,5.0
371,3.0
372,3.0
373,4.0
374,5.0
375,6.0
376,9.0
377,18.0
378,6.0
379,5.0
380,7.0
381,8.0
382,7.0
383,6.0
384,6.0
385,5.0
386,6.0
387,6.0
388,6.0
389,5.0
390,6.0
391,11.0
392,11.0
393,7.0
394,10.0
395,7.0
396,6.0
397,7.0
398,6.0
399,7.0
400,11.0
401,5.0
402,7.0
403,7.0
404,7.0
405,7.0
406,6.0
407,4.0
408,5.0
409,5.0
410,6.0
411,4.0
412,7.0
413,4.0
414,4.0
415,7.0
416,5.0
417,7.0
418,8.0
419,5.0
420,5.0
421,6.0
422,6.0
423,5.0
424,7.0
425,7.0
426,6.0
427,6.0
428,6.0
429,7.0
430,4.0
431,5.0
432,4.0
433,10.0
434,7.0
435,7.0
436,6.0
437,4.0
438,4.0
439,9.0
440,18.0
441,18.0
442,18.0
443,18.0
444,18.0
445,10.0
446,11.0
447,2.0
448,4.0
449,4.0
450,4.0
451,4.0
452,4.0
453,4.0
454,5.0
455,3.0
456,5.0
457,10.0
458,3.0
459,4.0
460,5.0
461,9.0
462,2.0
463,9.0
464,9.0
465,5.0
466,9.0
467,3.0
468,2.0
469,3.0
470,7.0
471,5.0
472,17.0
473,16.0
474,11.0
475,5.0
476,3.0
477,5.0
478,4.0
479,3.0
480,5.0
481,5.0
482,16.0
483,15.0
484,22.0
485,8.0
486,10.0
487,2.0
488,5.0
489,5.0
490,5.0
491,2.0
492,5.0
493,5.0
494,5.0
495,2.0
496,5.0
497,9.0
498,5.0
499,4.0
500,4.0
501,4.0
502,3.0
503,3.0
504,3.0
505,5.0
506,1.0
507,3.0
508,5.0
509,3.0
510,5.0
511,6.0
512,2.0
513,9.0
514,9.0
515,5.0
516,5.0
517,5.0
518,6.0
519,5.0
520,2.0
521,5.0
522,9.0
523,4.0
524,5.0
525,4.0
526,5.0
527,6.0
528,4.0
529,6.0
530,6.0
531,5.0
532,4.0
533,7.0
534,3.0
535,16.0
536,22.0
537,18.0
538,18.0
539,19.0
540,24.0
541,18.0
542,17.0
543,18.0
544,18.0
545,18.0
546,16.0
547,18.0
548,17.0
549,17.0
550,17.0
551,16.0
552,18.0
553,17.0
554,18.0
555,21.0
556,22.0
557,5.0
558,11.0
559,11.0
560,15.0
561,16.0
562,16.0
563,17.0
564,16.0
565,17.0
566,17.0
567,18.0
568,18.0
569,17.0
570,17.0
571,17.0
572,16.0
573,21.0
574,18.0
575,15.0
576,23.0
577,15.0
578,18.0
579,15.0
580,17.0
581,9.0
582,14.0
583,7.0
584,16.0
585,15.0
586,18.0
587,20.0
588,18.0
589,18.0
590,23.0
591,18.0
592,19.0
593,18.0
594,16.0
595,20.0
596,20.0
597,19.0
598,19.0
599,18.0
600,19.0
601,19.0
602,20.0
603,24.0
604,17.0
605,16.0
606,20.0
607,18.0
608,20.0
609,16.0
610,17.0
611,19.0
612,18.0
613,24.0
614,20.0
615,20.0
616,20.0
617,17.0
618,17.0
619,20.0
620,18.0
621,20.0
622,19.0
623,23.0
624,20.0
625,16.0
626,24.0
627,19.0
628,20.0
629,22.0
630,24.0
631,19.0
632,20.0
633,17.0
634,4.0
635,4.0
636,16.0
637,17.0
638,17.0
639,6.0
640,4.0
641,2.0
642,14.0
643,19.0
644,19.0
645,17.0
646,23.0
647,16.0
648,8.0
649,4.0
650,4.0
651,2.0
652,5.0
653,9.0
654,2.0
655,3.0
656,9.0
657,5.0
658,9.0
659,4.0
660,5.0
661,3.0
662,5.0
663,5.0
664,8.0
665,5.0
666,5.0
667,5.0
668,9.0
669,3.0
670,5.0
671,3.0
672,3.0
673,5.0
674,3.0
675,5.0
676,4.0
677,2.0
678,9.0
679,8.0
680,3.0
681,3.0
682,5.0
683,2.0
684,2.0
685,3.0
686,3.0
687,5.0
688,8.0
689,5.0
690,5.0
691,2.0
692,4.0
693,9.0
694,3.0
695,8.0
696,4.0
697,7.0
698,9.0
699,5.0
700,2.0
701,5.0
702,2.0
703,5.0
704,2.0
705,8.0
706,4.0
707,2.0
708,3.0
709,3.0
710,5.0
711,8.0
712,3.0
713,5.0
714,4.0
715,3.0
716,2.0
717,5.0
718,5.0
719,3.0
720,3.0
721,4.0
722,9.0
723,4.0
724,5.0
725,8.0
726,3.0
727,5.0
728,5.0
729,9.0
730,8.0
731,2.0
732,9.0
733,8.0
734,2.0
735,4.0
736,2.0
737,7.0
738,3.0
739,5.0
740,3.0
741,5.0
742,2.0
743,5.0
744,3.0
745,5.0
746,9.0
747,4.0
748,5.0
749,3.0
750,2.0
751,3.0
752,4.0
753,3.0
754,5.0
755,5.0
756,5.0
757,5.0
758,4.0
759,3.0
760,4.0
761,5.0
762,3.0
763,8.0
764,4.0
765,5.0
766,3.0
767,5.0
768,4.0
769,4.0
770,5.0
771,9.0
772,4.0
773,4.0
774,1.0
775,4.0
776,4.0
777,5.0
778,18.0
779,18.0
780,17.0
781,19.0
782,18.0
783,15.0
784,19.0
785,17.0
786,15.0
787,13.0
788,9.0
789,6.0
790,6.0
791,13.0
792,15.0
793,22.0
794,5.0
795,18.0
796,22.0
797,16.0
798,16.0
799,3.0
800,3.0
801,4.0
802,6.0
803,6.0
804,4.0
805,7.0
806,7.0
807,17.0
808,15.0
809,16.0
810,17.0
811,7.0
812,18.0
813,18.0
814,19.0
815,19.0
816,5.0
817,6.0
818,9.0
819,6.0
820,4.0
821,4.0
822,4.0
823,9.0
824,5.0
825,6.0
826,9.0
827,4.0
828,3.0
829,5.0
830,4.0
831,7.0
832,7.0
833,6.0
834,11.0
835,7.0
836,5.0
837,5.0
838,4.0
839,7.0
840,7.0
841,7.0
842,6.0
843,5.0
844,7.0
845,7.0
846,7.0
847,7.0
848,10.0
849,6.0
850,16.0
851,7.0
852,20.0
853,17.0
854,18.0
855,23.0
856,15.0
857,15.0
858,18.0
859,19.0
860,17.0
861,20.0
862,16.0
863,23.0
864,22.0
865,17.0
866,17.0
867,22.0
868,17.0
869,17.0
870,18.0
871,17.0
872,19.0
873,18.0
874,15.0
875,5.0
876,17.0
877,15.0
878,15.0
879,15.0
880,19.0
881,18.0
882,21.0
883,3.0
884,6.0
885,19.0
886,5.0
887,18.0
888,22.0
889,17.0
890,18.0
891,17.0
892,18.0
893,16.0
894,0.0
895,6.0
896,15.0
897,18.0
898,18.0
899,17.0
900,20.0
901,20.0
902,20.0
903,17.0
904,19.0
905,19.0
906,17.0
907,20.0
908,24.0
909,24.0
910,17.0
911,17.0
912,19.0
913,17.0
914,17.0
915,20.0
916,18.0
917,19.0
918,19.0
919,18.0
920,19.0
921,20.0
922,19.0
923,24.0
924,21.0
925,20.0
926,20.0
927,19.0
928,19.0
929,17.0
930,15.0
931,5.0
932,8.0
933,4.0
934,10.0
935,5.0
936,3.0
937,4.0
938,3.0
939,5.0
940,5.0
941,5.0
942,6.0
943,8.0
944,9.0
945,17.0
946,2.0
947,3.0
948,7.0
949,4.0
950,9.0
951,5.0
952,4.0
953,2.0
954,7.0
955,10.0
956,18.0
957,24.0
958,3.0
959,8.0
960,3.0
961,4.0
962,2.0
963,2.0
964,4.0
965,3.0
966,7.0
967,5.0
968,5.0
969,9.0
970,4.0
971,4.0
972,4.0
973,8.0
974,4.0
975,5.0
976,2.0
977,3.0
978,4.0
979,5.0
980,3.0
981,3.0
982,4.0
983,5.0
984,5.0
985,3.0
986,5.0
987,4.0
988,9.0
989,1.0
990,5.0
991,9.0
992,3.0
993,5.0
994,3.0
995,5.0
996,2.0
997,5.0
998,10.0
999,10.0
1000,6.0
1001,5.0
1002,5.0
1003,5.0
1004,5.0
1005,9.0
1006,3.0
1007,9.0
1008,10.0
1009,8.0
1010,5.0
1011,3.0
1012,3.0
1013,5.0
1014,5.0
1015,9.0
1016,6.0
1017,10.0
1018,4.0
1019,6.0
1020,5.0
1021,5.0
1022,3.0
1023,11.0
1024,5.0
1025,7.0
1026,4.0
1027,5.0
1028,5.0
1029,2.0
1030,9.0
1031,19.0
1032,23.0
1033,22.0
1034,18.0
1035,23.0
1036,18.0
1037,5.0
1038,5.0
1039,6.0
1040,4.0
1041,4.0
1042,3.0
1043,5.0
1044,17.0
1045,17.0
1046,16.0
1047,15.0
1048,19.0
1049,15.0
1050,18.0
1051,18.0
1052,18.0
1053,24.0
1054,19.0
1055,24.0
1056,19.0
1057,24.0
1058,25.0
1059,23.0
1060,19.0
1061,17.0
1062,17.0
1063,19.0
1064,19.0
1065,19.0
1066,19.0
1067,17.0
1068,7.0
1069,7.0
1070,7.0
1071,5.0
1072,8.0
1073,5.0
1074,1.0
1075,3.0
1076,3.0
1077,6.0
1078,3.0
1079,3.0
1080,3.0
1081,2.0
1082,3.0
1083,3.0
1084,4.0
1085,2.0
1086,2.0
1087,3.0
1088,7.0
1089,3.0
1090,7.0
1091,7.0
1092,3.0
1093,3.0
1094,3.0
1095,8.0
1096,8.0
1097,8.0
1098,5.0
1099,11.0
1100,15.0
1101,17.0
1102,3.0
1103,2.0
1104,3.0
1105,3.0
1106,1.0
1107,3.0
1108,5.0
1109,9.0
1110,2.0
1111,18.0
1112,4.0
1113,4.0
1114,6.0
1115,4.0
1116,3.0
1117,5.0
1118,2.0
1119,2.0
1120,5.0
1121,5.0
1122,4.0
1123,9.0
1124,4.0
1125,5.0
1126,3.0
1127,2.0
1128,2.0
1129,9.0
1130,7.0
1131,2.0
1132,9.0
1133,4.0
1134,4.0
1135,5.0
1136,2.0
1137,4.0
1138,4.0
1139,5.0
1140,5.0
1141,5.0
1142,4.0
1143,5.0
1144,2.0
1145,3.0
1146,4.0
1147,6.0
1148,7.0
1149,2.0
1150,9.0
1151,6.0
1152,5.0
1153,2.0
1154,3.0
1155,3.0
1156,5.0
1157,8.0
1158,4.0
1159,4.0
1160,4.0
1161,5.0
1162,5.0
1163,5.0
1164,4.0
1165,5.0
1166,5.0
1167,2.0
1168,8.0
1169,9.0
1170,3.0
1171,8.0
1172,5.0
1173,3.0
1174,4.0
1175,2.0
1176,3.0
1177,3.0
1178,2.0
1179,4.0
1180,3.0
1181,7.0
1182,3.0
1183,2.0
1184,7.0
1185,12.0
1186,11.0
1187,15.0
1188,4.0
1189,11.0
1190,6.0
1191,4.0
1192,4.0
1193,5.0
1194,5.0
1195,6.0
1196,18.0
1197,17.0
1198,21.0
1199,3.0
1200,7.0
1201,9.0
1202,9.0
1203,11.0
1204,6.0
1205,7.0
1206,7.0
1207,6.0
1208,6.0
1209,11.0
1210,5.0
1211,7.0
1212,5.0
1213,6.0
1214,4.0
1215,6.0
1216,6.0
1217,6.0
1218,6.0
1219,10.0
1220,7.0
1221,6.0
1222,5.0
1223,7.0
1224,7.0
1225,7.0
1226,4.0
1227,6.0
1228,7.0
1229,6.0
1230,7.0
1231,7.0
1232,4.0
1233,6.0
1234,6.0
1235,4.0
1236,5.0
1237,5.0
1238,4.0
1239,6.0
1240,7.0
1241,7.0
1242,5.0
1243,6.0
1244,6.0
1245,11.0
1246,7.0
1247,10.0
1248,6.0
1249,7.0
1250,5.0
1251,6.0
1252,5.0
1253,5.0
1254,4.0
1255,4.0
1256,7.0
1257,6.0
1258,6.0
1259,6.0
1260,4.0
1261,5.0
1262,4.0
1263,5.0
1264,6.0
1265,5.0
1266,11.0
1267,3.0
1268,5.0
1269,6.0
1270,6.0
1271,6.0
1272,10.0
1273,4.0
1274,10.0
1275,9.0
1276,4.0
1277,3.0
1278,9.0
1279,8.0
1280,6.0
1281,5.0
1282,5.0
1283,6.0
1284,4.0
1285,5.0
1286,6.0
1287,6.0
1288,3.0
1289,3.0
1290,11.0
1291,10.0
1292,6.0
1293,5.0
1294,1.0
1295,1.0
1296,2.0
1297,2.0
1298,6.0
1299,6.0
1300,3.0
1301,2.0
1302,4.0
1303,3.0
1304,3.0
1305,4.0
1306,6.0
1307,3.0
1308,2.0
1309,3.0
1310,0.0
1311,3.0
1312,1.0
1313,3.0
1314,2.0
1315,6.0
1316,1.0
1317,6.0
1318,6.0
1319,3.0
1320,2.0
1321,1.0
1322,4.0
1323,6.0
1324,1.0
1325,6.0
1326,2.0
1327,3.0
1328,9.0
1329,17.0
1330,17.0
1331,17.0
1332,18.0
1333,16.0
1334,18.0
1335,15.0
1336,22.0
1337,17.0
1338,18.0
1339,21.0
1340,5.0
1341,10.0
1342,5.0
1343,5.0
1344,4.0
1345,6.0
1346,10.0
1347,4.0
1348,9.0
1349,7.0
1350,17.0
1351,24.0
1352,20.0
1353,4.0
1354,6.0
1355,6.0
1356,18.0
1357,22.0
1358,16.0
1359,5.0
1360,22.0
1361,4.0
1362,8.0
1363,4.0
1364,3.0
1365,3.0
1366,3.0
1367,2.0
1368,3.0
1369,3.0
1370,2.0
1371,3.0
1372,4.0
1373,3.0
1374,7.0
1375,3.0
1376,2.0
1377,4.0
1378,3.0
1379,1.0
1380,7.0
1381,2.0
1382,8.0
1383,2.0
1384,3.0
1385,4.0
1386,1.0
1387,4.0
1388,4.0
1389,3.0
1390,4.0
1391,4.0
1392,1.0
1393,2.0
1394,3.0
1395,8.0
1396,5.0
1397,3.0
1398,5.0
1399,3.0
1400,2.0
1401,4.0
1402,4.0
1403,9.0
1404,3.0
1405,3.0
1406,4.0
1407,1.0
1408,0.0
1409,6.0
1410,4.0
1411,6.0
1412,10.0
1413,4.0
1414,4.0
1415,11.0
1416,3.0
1417,7.0
1418,1.0
1419,2.0
1420,3.0
1421,2.0
1422,2.0
1423,11.0
1424,7.0
1425,9.0
1426,6.0
1427,2.0
1428,3.0
1429,3.0
1430,3.0
1431,1.0
1432,3.0
1433,3.0
1434,2.0
1435,3.0
1436,7.0
1437,3.0
1438,3.0
1439,1.0
1440,1.0
1441,3.0
1442,3.0
1443,4.0
1444,5.0
1445,1.0
1446,8.0
1447,7.0
1448,8.0
1449,2.0
1450,3.0
1451,3.0
1452,1.0
1453,6.0
1454,2.0
1455,1.0
1456,3.0
1457,1.0
1458,7.0
1459,1.0
1460,3.0
1461,3.0
1462,0.0
1463,3.0
1464,1.0
1465,2.0
1466,3.0
1467,3.0
1468,8.0
1469,8.0
1470,6.0
1471,3.0
1472,7.0
1473,3.0
1474,6.0
1475,3.0
1476,3.0
1477,1.0
1478,2.0
1479,2.0
1480,3.0
1481,7.0
1482,3.0
1483,7.0
1484,1.0
1485,7.0
1486,2.0
1487,3.0
1488,4.0
1489,1.0
1490,6.0
1491,1.0
1492,2.0
1493,3.0
1494,3.0
1495,2.0
1496,3.0
1497,3.0
1498,2.0
1499,7.0
1500,3.0
1501,7.0
1502,1.0
1503,6.0
1504,7.0
1505,7.0
1506,3.0
1507,1.0
1508,8.0
1509,3.0
1510,3.0
1511,2.0
1512,3.0
1513,6.0
1514,3.0
1515,1.0
1516,2.0
1517,3.0
1518,7.0
1519,2.0
1520,1.0
1521,3.0
1522,3.0
1523,3.0
1524,3.0
1525,3.0
1526,3.0
1527,8.0
1528,3.0
1529,3.0
1530,2.0
1531,5.0
1532,6.0
1533,3.0
1534,7.0
1535,3.0
1536,3.0
1537,3.0
1538,7.0
1539,3.0
1540,2.0
1541,1.0
1542,3.0
1543,3.0
1544,3.0
1545,6.0
1546,-1.0
1547,3.0
1548,7.0
1549,3.0
1550,3.0
1551,1.0
1552,2.0
1553,2.0
1554,0.0
1555,4.0
1556,7.0
1557,1.0
1558,2.0
1559,2.0
1560,3.0
1561,2.0
1562,3.0
1563,2.0
1564,3.0
1565,3.0
1566,2.0
1567,3.0
1568,2.0
1569,3.0
1570,7.0
1571,3.0
1572,2.0
1573,3.0
1574,3.0
1575,7.0
1576,2.0
1577,2.0
1578,2.0
1579,1.0
1580,1.0
1581,3.0
1582,1.0
1583,3.0
1584,7.0
1585,8.0
1586,2.0
1587,6.0
1588,2.0
1589,2.0
1590,3.0
1591,6.0
1592,3.0
1593,3.0
1594,2.0
1595,2.0
1596,2.0
1597,2.0
1598,3.0
1599,1.0
1600,3.0
1601,7.0
1602,8.0
1603,1.0
1604,2.0
1605,6.0
1606,7.0
1607,3.0
1608,1.0
1609,1.0
1610,4.0
1611,2.0
1612,3.0
1613,4.0
1614,2.0
1615,3.0
1616,3.0
1617,3.0
1618,1.0
1619,2.0
1620,3.0
1621,6.0
1622,8.0
1623,2.0
1624,2.0
1625,3.0
1626,3.0
1627,3.0
1628,1.0
1629,3.0
1630,2.0
1631,7.0
1632,7.0
1633,0.0
1634,2.0
1635,6.0
1636,1.0
1637,3.0
1638,3.0
1639,3.0
1640,3.0
1641,6.0
1642,3.0
1643,7.0
1644,3.0
1645,2.0
1646,7.0
1647,3.0
1648,6.0
1649,3.0
1650,3.0
1651,7.0
1652,3.0
1653,3.0
1654,1.0
1655,3.0
1656,1.0
1657,3.0
1658,8.0
1659,2.0
1660,3.0
1661,1.0
1662,3.0
1663,3.0
1664,3.0
1665,3.0
1666,7.0
1667,1.0
1668,2.0
1669,1.0
1670,3.0
1671,3.0
1672,7.0
1673,2.0
1674,2.0
1675,8.0
1676,6.0
1677,7.0
1678,3.0
1679,2.0
1680,1.0
1681,2.0
1682,2.0
1683,7.0
1684,1.0
1685,2.0
1686,3.0
1687,1.0
1688,1.0
1689,3.0
1690,3.0
1691,1.0
1692,3.0
1693,3.0
1694,3.0
1695,3.0
1696,3.0
1697,2.0
1698,3.0
1699,2.0
1700,5.0
1701,6.0
1702,1.0
1703,3.0
1704,1.0
1705,5.0
1706,1.0
1707,5.0
1708,4.0
1709,5.0
1710,5.0
1711,8.0
1712,3.0
1713,5.0
1714,2.0
1715,2.0
1716,1.0
1717,13.0
1718,5.0
1719,7.0
1720,7.0
1721,2.0
1722,3.0
1723,3.0
1724,3.0
1725,0.0
1726,2.0
1727,2.0
1728,2.0
1729,3.0
1730,4.0
1731,4.0
1732,4.0
1733,3.0
1734,2.0
1735,1.0
1736,1.0
1737,1.0
1738,2.0
1739,7.0
1740,2.0
1741,9.0
1742,12.0
1743,9.0
1744,13.0
1745,2.0
1746,1.0
1747,2.0
1748,7.0
1749,20.0
1750,8.0
1751,3.0
1752,2.0
1753,15.0
1754,18.0
1755,5.0
1756,3.0
1757,1.0
1758,20.0
1759,20.0
1760,19.0
1761,16.0
1762,19.0
1763,19.0
1764,16.0
1765,19.0
1766,19.0
1767,25.0
1768,19.0
1769,18.0
1770,17.0
1771,20.0
1772,23.0
1773,17.0
1774,19.0
1775,20.0
1776,19.0
1777,22.0
1778,22.0
1779,22.0
1780,18.0
1781,19.0
1782,18.0
1783,7.0
1784,6.0
1785,10.0
1786,9.0
1787,4.0
1788,5.0
1789,5.0
1790,2.0
1791,6.0
1792,2.0
1793,5.0
1794,5.0
1795,7.0
1796,4.0
1797,5.0
1798,5.0
1799,7.0
1800,2.0
1801,2.0
1802,3.0
1803,9.0
1804,2.0
1805,2.0
1806,3.0
1807,6.0
1808,6.0
1809,7.0
1810,6.0
1811,2.0
1812,7.0
1813,3.0
1814,3.0
1815,2.0
1816,8.0
1817,1.0
1818,3.0
1819,2.0
1820,1.0
1821,3.0
1822,3.0
1823,8.0
1824,3.0
1825,2.0
1826,7.0
1827,7.0
1828,6.0
1829,3.0
1830,3.0
1831,7.0
1832,3.0
1833,1.0
1834,3.0
1835,3.0
1836,5.0
1837,1.0
1838,3.0
1839,1.0
1840,3.0
1841,3.0
1842,3.0
1843,3.0
1844,6.0
1845,2.0
1846,3.0
1847,7.0
1848,3.0
1849,6.0
1850,3.0
1851,1.0
1852,3.0
1853,7.0
1854,3.0
1855,2.0
1856,1.0
1857,3.0
1858,7.0
1859,3.0
1860,2.0
1861,2.0
1862,2.0
1863,3.0
1864,3.0
1865,3.0
1866,3.0
1867,4.0
1868,3.0
1869,1.0
1870,6.0
1871,1.0
1872,2.0
1873,3.0
1874,3.0
1875,3.0
1876,2.0
1877,3.0
1878,7.0
1879,7.0
1880,1.0
1881,6.0
1882,7.0
1883,2.0
1884,7.0
1885,1.0
1886,2.0
1887,3.0
1888,3.0
1889,4.0
1890,6.0
1891,1.0
1892,7.0
1893,1.0
1894,1.0
1895,1.0
1896,3.0
1897,2.0
1898,1.0
1899,3.0
1900,3.0
1901,1.0
1902,3.0
1903,1.0
1904,3.0
1905,3.0
1906,3.0
1907,7.0
1908,1.0
1909,3.0
1910,2.0
1911,2.0
1912,4.0
1913,2.0
1914,1.0
1915,6.0
1916,0.0
1917,3.0
1918,1.0
1919,3.0
1920,3.0
1921,1.0
1922,3.0
1923,1.0
1924,3.0
1925,1.0
1926,3.0
1927,7.0
1928,3.0
1929,6.0
1930,3.0
1931,3.0
1932,1.0
1933,1.0
1934,7.0
1935,2.0
1936,7.0
1937,2.0
1938,2.0
1939,7.0
1940,2.0
1941,3.0
1942,3.0
1943,2.0
1944,2.0
1945,7.0
1946,6.0
1947,3.0
1948,4.0
1949,7.0
1950,7.0
1951,2.0
1952,6.0
1953,3.0
1954,3.0
1955,3.0
1956,0.0
1957,3.0
1958,3.0
1959,7.0
1960,6.0
1961,3.0
1962,1.0
1963,2.0
1964,7.0
1965,2.0
1966,3.0
1967,7.0
1968,3.0
1969,1.0
1970,2.0
1971,2.0
1972,2.0
1973,2.0
1974,3.0
1975,3.0
1976,3.0
1977,7.0
1978,3.0
1979,1.0
1980,7.0
1981,7.0
1982,2.0
1983,1.0
1984,3.0
1985,3.0
1986,2.0
1987,3.0
1988,6.0
1989,5.0
1990,1.0
1991,3.0
1992,1.0
1993,1.0
1994,8.0
1995,2.0
1996,3.0
1997,3.0
1998,3.0
1999,3.0
2000,3.0
2001,6.0
2002,3.0
2003,6.0
2004,7.0
2005,3.0
2006,3.0
2007,3.0
2008,3.0
2009,3.0
2010,3.0
2011,1.0
2012,3.0
2013,1.0
2014,2.0
2015,2.0
2016,3.0
2017,3.0
2018,3.0
2019,2.0
2020,3.0
2021,3.0
2022,3.0
2023,3.0
2024,3.0
2025,3.0
2026,3.0
2027,3.0
2028,15.0
2029,7.0
2030,1.0
2031,2.0
2032,1.0
2033,1.0
2034,3.0
2035,1.0
2036,2.0
2037,1.0
2038,2.0
2039,2.0
2040,2.0
2041,2.0
2042,2.0
2043,1.0
2044,4.0
2045,1.0
2046,5.0
2047,1.0
2048,8.0
2049,4.0
2050,2.0
2051,1.0
2052,4.0
2053,0.0
2054,5.0
2055,2.0
2056,5.0
2057,1.0
2058,11.0
2059,8.0
2060,4.0
2061,5.0
2062,2.0
2063,3.0
2064,1.0
2065,2.0
2066,4.0
2067,6.0
2068,2.0
2069,2.0
2070,1.0
2071,4.0
2072,4.0
2073,2.0
2074,5.0
2075,22.0
2076,18.0
2077,2.0
2078,6.0
2079,6.0
2080,1.0
2081,4.0
2082,1.0
2083,1.0
2084,4.0
2085,2.0
2086,18.0
2087,7.0
2088,11.0
2089,1.0
2090,3.0
2091,7.0
2092,20.0
2093,19.0
2094,24.0
2095,18.0
2096,22.0
2097,19.0
2098,19.0
2099,18.0
2100,18.0
2101,19.0
2102,16.0
2103,24.0
2104,18.0
2105,18.0
2106,17.0
2107,19.0
2108,18.0
2109,21.0
2110,20.0
2111,19.0
2112,17.0
2113,20.0
2114,19.0
2115,20.0
2116,19.0
2117,20.0
2118,20.0
2119,18.0
2120,19.0
2121,19.0
2122,5.0
2123,7.0
2124,6.0
2125,9.0
2126,5.0
2127,9.0
2128,3.0
2129,9.0
2130,8.0
2131,6.0
2132,8.0
2133,5.0
2134,7.0
2135,2.0
2136,5.0
2137,6.0
2138,3.0
2139,5.0
2140,9.0
2141,5.0
2142,2.0
2143,17.0
2144,18.0
2145,19.0
2146,5.0
2147,19.0
2148,8.0
2149,3.0
2150,3.0
2151,5.0
2152,2.0
2153,8.0
2154,5.0
2155,12.0
2156,6.0
2157,12.0
2158,9.0
2159,6.0
2160,3.0
2161,9.0
2162,6.0
2163,5.0
2164,6.0
2165,8.0
2166,8.0
2167,5.0
2168,4.0
2169,10.0
2170,4.0
2171,4.0
2172,5.0
2173,8.0
2174,7.0
2175,6.0
2176,10.0
2177,6.0
2178,7.0
2179,6.0
2180,6.0
2181,7.0
2182,6.0
2183,7.0
2184,7.0
2185,7.0
2186,4.0
2187,11.0
2188,4.0
2189,6.0
2190,7.0
2191,4.0
2192,7.0
2193,5.0
2194,6.0
2195,4.0
2196,6.0
2197,6.0
2198,6.0
2199,10.0
2200,7.0
2201,4.0
2202,6.0
2203,4.0
2204,5.0
2205,10.0
2206,6.0
2207,4.0
2208,7.0
2209,10.0
2210,5.0
2211,4.0
2212,6.0
2213,4.0
2214,6.0
2215,7.0
2216,7.0
2217,10.0
2218,6.0
2219,6.0
2220,6.0
2221,4.0
2222,7.0
2223,6.0
2224,6.0
2225,4.0
2226,6.0
2227,6.0
2228,7.0
2229,5.0
2230,4.0
2231,5.0
2232,5.0
2233,5.0
2234,5.0
2235,10.0
2236,6.0
2237,6.0
2238,10.0
2239,5.0
2240,9.0
2241,11.0
2242,4.0
2243,10.0
2244,5.0
2245,6.0
2246,11.0
2247,7.0
2248,6.0
2249,6.0
2250,5.0
2251,7.0
2252,6.0
2253,5.0
2254,6.0
2255,5.0
2256,7.0
2257,10.0
2258,4.0
2259,11.0
2260,11.0
2261,5.0
2262,7.0
2263,7.0
2264,6.0
2265,5.0
2266,5.0
2267,6.0
2268,5.0
2269,7.0
2270,6.0
2271,6.0
2272,4.0
2273,7.0
2274,6.0
2275,7.0
2276,6.0
2277,7.0
2278,6.0
2279,10.0
2280,10.0
2281,5.0
2282,4.0
2283,7.0
2284,10.0
2285,6.0
2286,5.0
2287,10.0
2288,6.0
2289,11.0
2290,4.0
2291,5.0
2292,6.0
2293,5.0
2294,4.0
2295,5.0
2296,11.0
2297,6.0
2298,6.0
2299,7.0
2300,7.0
2301,4.0
2302,10.0
2303,7.0
2304,4.0
2305,6.0
2306,10.0
2307,5.0
2308,11.0
2309,5.0
2310,4.0
2311,7.0
2312,10.0
2313,4.0
2314,6.0
2315,6.0
2316,10.0
2317,6.0
2318,6.0
2319,6.0
2320,4.0
2321,5.0
2322,3.0
2323,3.0
2324,4.0
2325,5.0
2326,6.0
2327,10.0
2328,3.0
2329,10.0
2330,5.0
2331,2.0
2332,3.0
2333,1.0
2334,7.0
2335,7.0
2336,3.0
2337,4.0
2338,6.0
2339,1.0
2340,6.0
2341,5.0
2342,18.0
2343,18.0
2344,18.0
2345,18.0
2346,17.0
2347,19.0
2348,21.0
2349,18.0
2350,3.0
2351,3.0
2352,5.0
2353,4.0
2354,5.0
2355,6.0
2356,4.0
2357,8.0
2358,8.0
2359,4.0
2360,8.0
2361,3.0
2362,2.0
2363,5.0
2364,4.0
2365,4.0
2366,2.0
2367,1.0
2368,2.0
2369,2.0
2370,7.0
2371,3.0
2372,2.0
2373,6.0
2374,2.0
2375,3.0
2376,17.0
2377,22.0
2378,21.0
2379,14.0
2380,20.0
2381,18.0
2382,18.0
2383,7.0
2384,2.0
2385,4.0
2386,2.0
2387,7.0
2388,19.0
2389,12.0
2390,22.0
2391,7.0
2392,11.0
2393,6.0
2394,6.0
2395,11.0
2396,4.0
2397,7.0
2398,7.0
2399,10.0
2400,7.0
2401,4.0
2402,6.0
2403,11.0
2404,5.0
2405,7.0
2406,7.0
2407,4.0
2408,4.0
2409,8.0
2410,11.0
2411,5.0
2412,5.0
2413,7.0
2414,6.0
2415,6.0
2416,2.0
2417,8.0
2418,11.0
2419,17.0
2420,23.0
2421,23.0
2422,13.0
2423,20.0
2424,12.0
2425,7.0
2426,11.0
2427,5.0
2428,7.0
2429,7.0
2430,6.0
2431,4.0
2432,21.0
2433,17.0
2434,16.0
2435,16.0
2436,14.0
2437,7.0
2438,19.0
2439,19.0
2440,19.0
2441,20.0
2442,24.0
2443,19.0
2444,24.0
2445,20.0
2446,22.0
2447,20.0
2448,20.0
2449,24.0
2450,24.0
2451,19.0
2452,19.0
2453,19.0
2454,19.0
2455,20.0
2456,19.0
2457,19.0
2458,19.0
2459,19.0
2460,17.0
2461,20.0
2462,20.0
2463,18.0
2464,20.0
2465,17.0
2466,17.0
2467,19.0
2468,18.0
2469,18.0
2470,16.0
2471,24.0
2472,24.0
2473,19.0
2474,18.0
2475,19.0
2476,17.0
2477,20.0
2478,19.0
2479,19.0
2480,18.0
2481,16.0
2482,5.0
2483,9.0
2484,4.0
2485,9.0
2486,6.0
2487,4.0
2488,17.0
2489,17.0
2490,16.0
2491,4.0
2492,4.0
2493,6.0
2494,18.0
2495,16.0
2496,6.0
2497,19.0
2498,16.0
2499,20.0
2500,19.0
2501,17.0
2502,19.0
2503,18.0
2504,17.0
2505,19.0
2506,19.0
2507,19.0
2508,5.0
2509,5.0
2510,9.0
2511,12.0
2512,10.0
2513,8.0
2514,17.0
2515,5.0
2516,3.0
2517,21.0
2518,8.0
2519,2.0
2520,4.0
2521,3.0
2522,2.0
2523,5.0
2524,2.0
2525,4.0
2526,2.0
2527,5.0
2528,2.0
2529,5.0
2530,5.0
2531,5.0
2532,2.0
2533,2.0
2534,9.0
2535,8.0
2536,9.0
2537,3.0
2538,8.0
2539,4.0
2540,4.0
2541,5.0
2542,2.0
2543,4.0
2544,9.0
2545,2.0
2546,4.0
2547,5.0
2548,4.0
2549,7.0
2550,4.0
2551,5.0
2552,4.0
2553,4.0
2554,9.0
2555,9.0
2556,9.0
2557,17.0
2558,16.0
2559,2.0
2560,3.0
2561,2.0
2562,8.0
2563,10.0
2564,5.0
2565,5.0
2566,3.0
2567,12.0
2568,4.0
2569,1.0
2570,5.0
2571,7.0
2572,5.0
2573,9.0
2574,7.0
2575,5.0
2576,11.0
2577,6.0
2578,5.0
2579,11.0
2580,7.0
2581,6.0
2582,4.0
2583,10.0
2584,4.0
2585,5.0
2586,10.0
2587,9.0
2588,10.0
2589,6.0
2590,7.0
2591,7.0
2592,5.0
2593,6.0
2594,5.0
2595,12.0
2596,6.0
2597,7.0
2598,7.0
2599,5.0
2600,5.0
2601,6.0
2602,6.0
2603,6.0
2604,10.0
2605,10.0
2606,7.0
2607,7.0
2608,4.0
2609,5.0
2610,10.0
2611,7.0
2612,5.0
2613,3.0
2614,5.0
2615,3.0
2616,6.0
2617,3.0
2618,9.0
2619,3.0
2620,12.0
2621,10.0
2622,6.0
2623,6.0
2624,5.0
2625,7.0
2626,6.0
2627,5.0
2628,5.0
2629,10.0
2630,10.0
2631,5.0
2632,5.0
2633,6.0
2634,5.0
2635,4.0
2636,6.0
2637,3.0
2638,9.0
2639,3.0
2640,6.0
2641,6.0
2642,4.0
2643,10.0
2644,4.0
2645,6.0
2646,15.0
2647,16.0
2648,17.0
2649,16.0
2650,14.0
2651,17.0
2652,18.0
2653,18.0
2654,15.0
2655,22.0
2656,4.0
2657,5.0
2658,7.0
2659,10.0
2660,6.0
2661,7.0
2662,7.0
2663,6.0
2664,5.0
2665,7.0
2666,5.0
2667,6.0
2668,15.0
2669,9.0
2670,6.0
2671,6.0
2672,6.0
2673,4.0
2674,6.0
2675,10.0
2676,4.0
2677,10.0
2678,10.0
2679,11.0
2680,3.0
2681,17.0
2682,5.0
2683,4.0
2684,5.0
2685,2.0
2686,5.0
2687,5.0
2688,3.0
2689,3.0
2690,9.0
2691,4.0
2692,4.0
2693,3.0
2694,5.0
2695,5.0
2696,2.0
2697,8.0
2698,5.0
2699,5.0
2700,4.0
2701,4.0
2702,2.0
2703,5.0
2704,6.0
2705,9.0
2706,3.0
2707,5.0
2708,5.0
2709,6.0
2710,3.0
2711,2.0
2712,5.0
2713,11.0
2714,5.0
2715,9.0
2716,6.0
2717,8.0
2718,2.0
2719,4.0
2720,4.0
2721,4.0
2722,14.0
2723,9.0
2724,5.0
2725,6.0
2726,4.0
2727,6.0
2728,6.0
2729,5.0
2730,3.0
2731,5.0
2732,3.0
2733,21.0
2734,18.0
2735,16.0
2736,17.0
2737,17.0
2738,18.0
2739,21.0
2740,8.0
2741,12.0
2742,17.0
2743,21.0
2744,19.0
2745,15.0
2746,17.0
2747,8.0
2748,10.0
2749,10.0
2750,10.0
2751,9.0
2752,6.0
2753,10.0
2754,10.0
2755,5.0
2756,6.0
2757,10.0
2758,10.0
2759,9.0
2760,7.0
2761,20.0
2762,25.0
2763,20.0
2764,22.0
2765,22.0
2766,24.0
2767,20.0
2768,23.0
2769,20.0
2770,17.0
2771,22.0
2772,12.0
2773,7.0
2774,10.0
2775,6.0
2776,10.0
2777,9.0
2778,8.0
2779,8.0
2780,8.0
2781,9.0
2782,8.0
2783,7.0
2784,23.0
2785,9.0
2786,8.0
2787,8.0
2788,7.0
2789,11.0
2790,10.0
2791,9.0
2792,9.0
2793,11.0
2794,17.0
2795,22.0
2796,22.0
2797,23.0
2798,9.0
2799,4.0
2800,4.0
2801,3.0
2802,20.0
2803,17.0
2804,23.0
2805,21.0
2806,22.0
2807,9.0
2808,10.0
2809,9.0
2810,10.0
2811,5.0
2812,10.0
2813,6.0
2814,5.0
2815,3.0
2816,7.0
2817,6.0
2818,7.0
2819,6.0
2820,18.0
2821,22.0
2822,15.0
2823,8.0
2824,3.0
2825,7.0
2826,21.0
2827,22.0
2828,22.0
2829,20.0
2830,6.0
2831,11.0
2832,6.0
2833,10.0
2834,11.0
2835,10.0
2836,10.0
2837,10.0
2838,9.0
2839,11.0
2840,23.0
2841,24.0
2842,15.0
2843,18.0
2844,22.0
2845,24.0
2846,16.0
2847,23.0
2848,20.0
2849,23.0
2850,9.0
2851,9.0
2852,4.0
2853,8.0
2854,8.0
2855,9.0
2856,4.0
2857,8.0
2858,8.0
2859,8.0
2860,2.0
2861,8.0
2862,9.0
2863,3.0
2864,10.0
2865,10.0
2866,10.0
2867,10.0
2868,10.0
2869,8.0
2870,9.0
2871,8.0
2872,8.0
2873,8.0
2874,8.0
2875,11.0
2876,11.0
2877,11.0
2878,10.0
2879,7.0
2880,11.0
2881,10.0
2882,9.0
2883,8.0
2884,11.0
2885,12.0
2886,11.0
2887,11.0
2888,11.0
2889,11.0
2890,7.0
2891,11.0
2892,11.0
2893,7.0
2894,5.0
2895,5.0
2896,11.0
2897,11.0
2898,11.0
2899,12.0
2900,12.0
2901,11.0
2902,11.0
2903,9.0
2904,11.0
2905,10.0
2906,3.0
2907,11.0
2908,9.0
2909,9.0
2910,11.0
2911,6.0
2912,9.0
2913,9.0
2914,3.0
2915,9.0
2916,9.0
2917,9.0
2918,9.0
2919,9.0
2920,2.0
2921,9.0
2922,10.0
2923,9.0
2924,2.0
2925,10.0
2926,9.0
2927,10.0
2928,3.0
2929,3.0
2930,9.0
2931,5.0
2932,10.0
2933,9.0
2934,11.0
2935,11.0
2936,11.0
2937,6.0
2938,10.0
2939,11.0
2940,9.0
2941,10.0
2942,9.0
2943,5.0
2944,10.0
2945,3.0
2946,9.0
2947,10.0
2948,9.0
2949,23.0
2950,24.0
2951,25.0
2952,22.0
2953,22.0
2954,20.0
2955,19.0
2956,21.0
2957,20.0
2958,22.0
2959,19.0
2960,22.0
2961,24.0
2962,22.0
2963,23.0
2964,23.0
2965,22.0
2966,22.0
2967,24.0
2968,18.0
2969,21.0
2970,22.0
2971,22.0
2972,22.0
2973,22.0
2974,22.0
2975,21.0
2976,22.0
2977,19.0
2978,11.0
2979,11.0
2980,11.0
2981,11.0
2982,11.0
2983,4.0
2984,10.0
2985,10.0
2986,11.0
2987,9.0
2988,8.0
2989,9.0
2990,9.0
2991,8.0
2992,8.0
2993,9.0
2994,8.0
2995,8.0
2996,8.0
2997,22.0
2998,18.0
2999,22.0
3000,22.0
3001,8.0
3002,7.0
3003,9.0
3004,9.0
3005,9.0
3006,8.0
3007,9.0
3008,7.0
3009,3.0
3010,8.0
3011,7.0
3012,4.0
3013,7.0
3014,7.0
3015,11.0
3016,10.0
3017,5.0
3018,9.0
3019,11.0
3020,9.0
3021,10.0
3022,11.0
3023,10.0
3024,7.0
3025,24.0
3026,16.0
3027,22.0
3028,23.0
3029,22.0
3030,22.0
3031,21.0
3032,22.0
3033,8.0
3034,8.0
3035,9.0
3036,24.0
3037,24.0
3038,24.0
3039,22.0
3040,21.0
3041,15.0
3042,21.0
3043,24.0
3044,20.0
3045,21.0
3046,9.0
3047,3.0
3048,2.0
3049,4.0
3050,7.0
3051,7.0
3052,7.0
3053,1.0
3054,7.0
3055,3.0
3056,7.0
3057,8.0
3058,9.0
3059,5.0
3060,9.0
3061,6.0
3062,10.0
3063,9.0
3064,10.0
3065,8.0
3066,9.0
3067,9.0
3068,10.0
3069,10.0
3070,9.0
3071,2.0
3072,6.0
3073,8.0
3074,7.0
3075,8.0
3076,7.0
3077,7.0
3078,7.0
3079,8.0
3080,8.0
3081,7.0
3082,8.0
3083,7.0
3084,6.0
3085,5.0
3086,5.0
3087,5.0
3088,5.0
3089,24.0
3090,23.0
3091,22.0
3092,8.0
3093,7.0
3094,8.0
3095,7.0
3096,7.0
3097,8.0
3098,8.0
3099,7.0
3100,8.0
3101,3.0
3102,5.0
3103,6.0
3104,5.0
3105,7.0
3106,5.0
3107,6.0
3108,19.0
3109,21.0
3110,20.0
3111,7.0
3112,5.0
3113,11.0
3114,10.0
3115,8.0
3116,12.0
3117,8.0
3118,6.0
3119,9.0
3120,10.0
3121,9.0
3122,10.0
3123,10.0
3124,9.0
3125,8.0
3126,9.0
3127,6.0
3128,6.0
3129,9.0
3130,9.0
3131,9.0
3132,3.0
3133,10.0
3134,9.0
3135,11.0
3136,9.0
3137,9.0
3138,7.0
3139,7.0
3140,11.0
3141,10.0
3142,11.0
3143,10.0
3144,11.0
3145,10.0
3146,11.0
3147,10.0
3148,11.0
3149,10.0
3150,11.0
3151,24.0
3152,16.0
3153,20.0
3154,21.0
3155,17.0
3156,23.0
3157,22.0
3158,23.0
3159,24.0
3160,24.0
3161,22.0
3162,8.0
3163,2.0
3164,9.0
3165,8.0
3166,8.0
3167,7.0
3168,7.0
3169,8.0
3170,7.0
3171,9.0
3172,8.0
3173,8.0
3174,7.0
3175,8.0
3176,8.0
3177,7.0
3178,3.0
3179,7.0
3180,9.0
3181,8.0
3182,9.0
3183,9.0
3184,7.0
3185,4.0
3186,8.0
3187,9.0
3188,9.0
3189,7.0
3190,10.0
3191,10.0
3192,10.0
3193,9.0
3194,10.0
3195,5.0
3196,9.0
3197,11.0
3198,5.0
3199,11.0
3200,9.0
3201,9.0
3202,9.0
3203,10.0
3204,8.0
3205,8.0
3206,9.0
3207,8.0
3208,8.0
3209,4.0
3210,1.0
3211,9.0
3212,9.0
3213,2.0
3214,8.0
3215,9.0
3216,8.0
3217,8.0
3218,9.0
3219,4.0
3220,2.0
3221,7.0
